date,active_customers,transaction_count
2023-01-01,2699,2772
2023-01-02,2688,2756
2023-01-03,2668,2736
2023-01-04,2670,2743
2023-01-05,2656,2719
2023-01-06,2640,2690
2023-01-07,2694,2768
2023-01-08,2638,2702
2023-01-09,2647,2704
2023-01-10,2661,2726
2023-01-11,2653,2708
2023-01-12,2684,2749
2023-01-13,2664,2721
2023-01-14,2596,2651
2023-01-15,2657,2716
2023-01-16,2658,2711
2023-01-17,2627,2679
2023-01-18,2652,2702
2023-01-19,2742,2810
2023-01-20,2700,2759
2023-01-21,2648,2710
2023-01-22,2641,2699
2023-01-23,2709,2770
2023-01-24,2701,2762
2023-01-25,2658,2717
2023-01-26,2842,2896
2023-01-27,2674,2742
2023-01-28,2574,2633
2023-01-29,2620,2672
2023-01-30,2805,2876
2023-01-31,2725,2781
2023-02-01,2652,2707
2023-02-02,2632,2707
2023-02-03,2618,2662
2023-02-04,2681,2744
2023-02-05,2616,2666
2023-02-06,2728,2792
2023-02-07,2677,2748
2023-02-08,2750,2803
2023-02-09,2732,2789
2023-02-10,2642,2713
2023-02-11,2645,2703
2023-02-12,2669,2724
2023-02-13,2754,2817
2023-02-14,2650,2722
2023-02-15,2640,2717
2023-02-16,2735,2803
2023-02-17,2609,2662
2023-02-18,2775,2830
2023-02-19,2692,2760
2023-02-20,2677,2745
2023-02-21,2660,2710
2023-02-22,2660,2732
2023-02-23,2685,2755
2023-02-24,2654,2717
2023-02-25,2634,2705
2023-02-26,2763,2826
2023-02-27,2544,2612
2023-02-28,2660,2722
2023-03-01,2648,2705
2023-03-02,2736,2787
2023-03-03,2695,2763
2023-03-04,2696,2762
2023-03-05,2702,2756
2023-03-06,2736,2797
2023-03-07,2647,2709
2023-03-08,2693,2763
2023-03-09,2666,2718
2023-03-10,2746,2798
2023-03-11,2625,2682
2023-03-12,2729,2788
2023-03-13,2600,2668
2023-03-14,2604,2660
2023-03-15,2644,2706
2023-03-16,2715,2779
2023-03-17,2600,2643
2023-03-18,2711,2775
2023-03-19,2647,2693
2023-03-20,2669,2727
2023-03-21,2684,2748
2023-03-22,2583,2625
2023-03-23,2736,2802
2023-03-24,2712,2773
2023-03-25,2630,2693
2023-03-26,2575,2647
2023-03-27,2654,2729
2023-03-28,2681,2728
2023-03-29,2771,2830
2023-03-30,2748,2811
2023-03-31,2699,2754
2023-04-01,2674,2740
2023-04-02,2688,2747
2023-04-03,2718,2771
2023-04-04,2697,2757
2023-04-05,2642,2691
2023-04-06,2704,2770
2023-04-07,2686,2742
2023-04-08,2665,2724
2023-04-09,2584,2633
2023-04-10,2620,2674
2023-04-11,2690,2754
2023-04-12,2665,2726
2023-04-13,2663,2732
2023-04-14,2492,2554
2023-04-15,2672,2721
2023-04-16,2728,2785
2023-04-17,2678,2735
2023-04-18,2799,2856
2023-04-19,2670,2722
2023-04-20,2652,2728
2023-04-21,2733,2790
2023-04-22,2692,2754
2023-04-23,2700,2769
2023-04-24,2659,2712
2023-04-25,2701,2762
2023-04-26,2669,2729
2023-04-27,2676,2736
2023-04-28,2664,2713
2023-04-29,2744,2804
2023-04-30,2745,2818
2023-05-01,2705,2763
2023-05-02,2803,2881
2023-05-03,2726,2799
2023-05-04,2691,2754
2023-05-05,2696,2764
2023-05-06,2637,2701
2023-05-07,2707,2762
2023-05-08,2715,2778
2023-05-09,2681,2734
2023-05-10,2736,2795
2023-05-11,2699,2753
2023-05-12,2710,2780
2023-05-13,2675,2737
2023-05-14,2621,2692
2023-05-15,2609,2664
2023-05-16,2586,2635
2023-05-17,2738,2803
2023-05-18,2687,2737
2023-05-19,2699,2770
2023-05-20,2699,2758
2023-05-21,2729,2792
2023-05-22,2662,2725
2023-05-23,2666,2727
2023-05-24,2618,2677
2023-05-25,2739,2804
2023-05-26,2713,2764
2023-05-27,2619,2684
2023-05-28,2798,2858
2023-05-29,2635,2687
2023-05-30,2726,2792
2023-05-31,2681,2754
2023-06-01,2645,2704
2023-06-02,2684,2743
2023-06-03,2649,2707
2023-06-04,2691,2746
2023-06-05,2718,2776
2023-06-06,2628,2698
2023-06-07,2678,2730
2023-06-08,2747,2803
2023-06-09,2786,2849
2023-06-10,2718,2775
2023-06-11,2642,2701
2023-06-12,2628,2692
2023-06-13,2708,2775
2023-06-14,2696,2761
2023-06-15,2701,2766
2023-06-16,2682,2741
2023-06-17,2610,2674
2023-06-18,2615,2667
2023-06-19,2552,2623
2023-06-20,2619,2673
2023-06-21,2642,2718
2023-06-22,2633,2688
2023-06-23,2652,2707
2023-06-24,2615,2679
2023-06-25,2766,2832
2023-06-26,2606,2673
2023-06-27,2630,2681
2023-06-28,2710,2780
2023-06-29,2665,2714
2023-06-30,2747,2835
2023-07-01,2700,2772
2023-07-02,2725,2789
2023-07-03,2754,2819
2023-07-04,2685,2752
2023-07-05,2609,2671
2023-07-06,2610,2665
2023-07-07,2756,2830
2023-07-08,2573,2629
2023-07-09,2610,2681
2023-07-10,2707,2788
2023-07-11,2697,2757
2023-07-12,2707,2770
2023-07-13,2632,2693
2023-07-14,2645,2697
2023-07-15,2631,2687
2023-07-16,2839,2911
2023-07-17,2713,2769
2023-07-18,2702,2759
2023-07-19,2649,2696
2023-07-20,2681,2743
2023-07-21,2702,2741
2023-07-22,2807,2868
2023-07-23,2634,2690
2023-07-24,2682,2745
2023-07-25,2644,2719
2023-07-26,2652,2697
2023-07-27,2678,2731
2023-07-28,2712,2767
2023-07-29,2744,2815
2023-07-30,2609,2667
2023-07-31,2604,2658
2023-08-01,2626,2704
2023-08-02,2650,2710
2023-08-03,2655,2706
2023-08-04,2700,2767
2023-08-05,2645,2714
2023-08-06,2660,2715
2023-08-07,2716,2772
2023-08-08,2731,2798
2023-08-09,2694,2756
2023-08-10,2683,2749
2023-08-11,2697,2761
2023-08-12,2663,2738
2023-08-13,2741,2799
2023-08-14,2637,2698
2023-08-15,2681,2747
2023-08-16,2653,2708
2023-08-17,2712,2783
2023-08-18,2827,2884
2023-08-19,2666,2734
2023-08-20,2741,2809
2023-08-21,2682,2740
2023-08-22,2710,2785
2023-08-23,2609,2662
2023-08-24,2724,2788
2023-08-25,2670,2732
2023-08-26,2774,2846
2023-08-27,2590,2653
2023-08-28,2607,2671
2023-08-29,2640,2689
2023-08-30,2621,2669
2023-08-31,2648,2701
2023-09-01,2703,2771
2023-09-02,2748,2811
2023-09-03,2725,2806
2023-09-04,2711,2769
2023-09-05,2608,2678
2023-09-06,2618,2685
2023-09-07,2669,2747
2023-09-08,2633,2707
2023-09-09,2786,2848
2023-09-10,2725,2781
2023-09-11,2760,2823
2023-09-12,2719,2786
2023-09-13,2663,2728
2023-09-14,2639,2687
2023-09-15,2752,2813
2023-09-16,2683,2770
2023-09-17,2584,2648
2023-09-18,2640,2703
2023-09-19,2654,2701
2023-09-20,2640,2693
2023-09-21,2688,2743
2023-09-22,2641,2699
2023-09-23,2700,2761
2023-09-24,2642,2690
2023-09-25,2680,2733
2023-09-26,2736,2785
2023-09-27,2720,2766
2023-09-28,2759,2822
2023-09-29,2618,2668
2023-09-30,2659,2713
2023-10-01,2687,2756
2023-10-02,2651,2721
2023-10-03,2703,2758
2023-10-04,2656,2708
2023-10-05,2735,2806
2023-10-06,2743,2803
2023-10-07,2717,2777
2023-10-08,2719,2782
2023-10-09,2700,2774
2023-10-10,2673,2731
2023-10-11,2648,2701
2023-10-12,2656,2709
2023-10-13,2679,2740
2023-10-14,2626,2673
2023-10-15,2667,2721
2023-10-16,2731,2791
2023-10-17,2657,2715
2023-10-18,2727,2789
2023-10-19,2682,2743
2023-10-20,2677,2736
2023-10-21,2624,2684
2023-10-22,2754,2821
2023-10-23,2649,2713
2023-10-24,2730,2797
2023-10-25,2621,2689
2023-10-26,2673,2739
2023-10-27,2737,2802
2023-10-28,2737,2817
2023-10-29,2644,2708
2023-10-30,2720,2781
2023-10-31,2729,2804
2023-11-01,2722,2761
2023-11-02,2637,2686
2023-11-03,2716,2774
2023-11-04,2595,2660
2023-11-05,2696,2751
2023-11-06,2676,2740
2023-11-07,2523,2592
2023-11-08,2582,2647
2023-11-09,2652,2705
2023-11-10,2608,2662
2023-11-11,2638,2689
2023-11-12,2634,2700
2023-11-13,2624,2680
2023-11-14,2745,2794
2023-11-15,2629,2680
2023-11-16,2661,2731
2023-11-17,2647,2712
2023-11-18,2776,2846
2023-11-19,2685,2736
2023-11-20,2752,2811
2023-11-21,2663,2716
2023-11-22,2645,2719
2023-11-23,2612,2679
2023-11-24,2596,2646
2023-11-25,2690,2755
2023-11-26,2776,2837
2023-11-27,2740,2808
2023-11-28,2652,2727
2023-11-29,2713,2779
2023-11-30,2690,2752
2023-12-01,2671,2729
2023-12-02,2681,2749
2023-12-03,2670,2736
2023-12-04,2562,2610
2023-12-05,2679,2753
2023-12-06,2639,2692
2023-12-07,2703,2766
2023-12-08,2674,2735
2023-12-09,2660,2721
2023-12-10,2682,2743
2023-12-11,2623,2686
2023-12-12,2677,2750
2023-12-13,2705,2762
2023-12-14,2574,2644
2023-12-15,2662,2739
2023-12-16,2712,2760
2023-12-17,2721,2794
2023-12-18,2619,2670
2023-12-19,2688,2750
2023-12-20,2743,2807
2023-12-21,2707,2780
2023-12-22,2669,2730
2023-12-23,2668,2738
2023-12-24,2696,2750
2023-12-25,2676,2742
2023-12-26,2750,2814
2023-12-27,2701,2769
2023-12-28,2764,2832
2023-12-29,2607,2667
2023-12-30,2730,2807
2023-12-31,2755,2827
